name,rogi
QED,0.04770678763989511
LogP,0.027440795306028776
Celecoxib_Rediscovery,0.028276294583697403
Aripiprazole_Similarity,0.026202927416475313
Median 1,0.019383141760157735
Osimertinib_MPO,0.07581081346260399
Fexofenadine_MPO,0.07813300015970193
Ranolazine_MPO,0.04012098314861595
Perindopril_MPO,0.06541100069292205
Amlodipine_MPO,0.0722254608234878
Zaleplon_MPO,0.06598271341542344
Scaffold Hop,0.031596415488215734
